{"accuracy": [0.5643212795257568, 0.6236673593521118, 0.7121534943580627, 0.716773271560669, 0.7061123251914978, 0.7491115927696228, 0.7860696315765381, 0.8180525898933411, 0.823383092880249, 0.8312011361122131, 0.836887001991272, 0.8496801853179932, 0.847903311252594, 0.8567875027656555, 0.8653162717819214, 0.8766880035400391, 0.9015635848045349, 0.9360341429710388, 0.9402984976768494, 0.9438521862030029, 0.9449182748794556, 0.9562900066375732, 0.9562900066375732, 0.954868495464325, 0.9566453695297241, 0.9683724045753479, 0.9648187756538391, 0.968017041683197, 0.9673063158988953, 0.9683724045753479, 0.9715707302093506, 0.9687277674674988, 0.9673063158988953, 0.9708600044250488, 0.976190447807312, 0.9715707302093506, 0.9729921817779541, 0.9765458703041077, 0.976190447807312, 0.9769012331962585, 0.9747689962387085, 0.9751243591308594, 0.9783226847648621, 0.9800994992256165, 0.9747689962387085, 0.9808102250099182, 0.9751243591308594, 0.9850746393203735, 0.9822316765785217, 0.9790334105491638], "loss": [2.694387435913086, 1.6887058019638062, 1.4120442867279053, 1.3468791246414185, 1.4101651906967163, 1.2107335329055786, 1.055267095565796, 0.9767726063728333, 0.9487611651420593, 0.8676978349685669, 0.8475168347358704, 0.8084526062011719, 0.7947351932525635, 0.7574023604393005, 0.7525899410247803, 0.6884586215019226, 0.5973445177078247, 0.4930170774459839, 0.47642213106155396, 0.448034405708313, 0.4386129379272461, 0.40727484226226807, 0.3863969147205353, 0.3777253329753876, 0.36146628856658936, 0.33694031834602356, 0.32734939455986023, 0.3106488585472107, 0.3071523904800415, 0.28863009810447693, 0.2845071256160736, 0.2738194465637207, 0.2773682475090027, 0.24862276017665863, 0.23352013528347015, 0.2417171597480774, 0.23230783641338348, 0.22217416763305664, 0.2194851040840149, 0.20512425899505615, 0.20715412497520447, 0.1961163431406021, 0.19663822650909424, 0.1786908358335495, 0.1862785667181015, 0.1755083203315735, 0.19076891243457794, 0.1668962687253952, 0.1641138643026352, 0.16837957501411438], "val_accuracy": [0.19900497794151306, 0.36567163467407227, 0.25621891021728516, 0.4303482472896576, 0.4129353165626526, 0.4203979969024658, 0.6865671873092651, 0.7388059496879578, 0.8184079527854919, 0.8781094551086426, 0.8830845952033997, 0.8407959938049316, 0.5273631811141968, 0.646766185760498, 0.8482587337493896, 0.8084577322006226, 0.9477611780166626, 0.9427860975265503, 0.9378109574317932, 0.9601989984512329, 0.9701492786407471, 0.9776119589805603, 0.9601989984512329, 0.9328358173370361, 0.96517413854599, 0.9502487778663635, 0.9701492786407471, 0.9701492786407471, 0.9701492786407471, 0.9825870394706726, 0.9502487778663635, 0.9726368188858032, 0.9527363181114197, 0.9751243591308594, 0.96517413854599, 0.9751243591308594, 0.96517413854599, 0.9676616787910461, 0.9626865386962891, 0.96517413854599, 0.9676616787910461, 0.9701492786407471, 0.9776119589805603, 0.9701492786407471, 0.9776119589805603, 0.9726368188858032, 0.9676616787910461, 0.96517413854599, 0.9477611780166626, 0.9726368188858032], "val_loss": [3.8191564083099365, 3.018428087234497, 5.244983196258545, 2.730473041534424, 2.9273579120635986, 3.349921226501465, 1.4286186695098877, 1.0904371738433838, 0.9042035937309265, 0.7655431628227234, 0.7410217523574829, 0.8196831941604614, 2.4411845207214355, 1.5063869953155518, 0.791785478591919, 1.191155195236206, 0.4689556658267975, 0.4625365734100342, 0.45260629057884216, 0.41298985481262207, 0.38696280121803284, 0.36307600140571594, 0.36535799503326416, 0.44711774587631226, 0.33805543184280396, 0.3601404130458832, 0.3210446536540985, 0.3031677305698395, 0.2953850328922272, 0.27099665999412537, 0.32531487941741943, 0.2674216628074646, 0.28947141766548157, 0.24576671421527863, 0.2707068920135498, 0.22064411640167236, 0.2659148871898651, 0.24763862788677216, 0.2704017460346222, 0.2173781394958496, 0.22034108638763428, 0.23041769862174988, 0.20397692918777466, 0.2160951793193817, 0.19951516389846802, 0.22810515761375427, 0.2001832276582718, 0.18403488397598267, 0.2202654778957367, 0.18756024539470673], "learning_rate": [0.0010000000474974513, 0.0010000000474974513, 0.0010000000474974513, 0.0010000000474974513, 0.0010000000474974513, 0.0010000000474974513, 0.0010000000474974513, 0.0010000000474974513, 0.0010000000474974513, 0.0010000000474974513, 0.0010000000474974513, 0.0010000000474974513, 0.0010000000474974513, 0.0010000000474974513, 0.0010000000474974513, 0.0010000000474974513, 0.00020000000949949026, 0.00020000000949949026, 0.00020000000949949026, 0.00020000000949949026, 0.00020000000949949026, 0.00020000000949949026, 0.00020000000949949026, 0.00020000000949949026, 0.00020000000949949026, 0.00020000000949949026, 0.00020000000949949026, 0.00020000000949949026, 0.00020000000949949026, 0.00020000000949949026, 0.00020000000949949026, 0.00020000000949949026, 0.00020000000949949026, 0.00020000000949949026, 0.00020000000949949026, 0.00020000000949949026, 0.00020000000949949026, 0.00020000000949949026, 0.00020000000949949026, 0.00020000000949949026, 0.00020000000949949026, 0.00020000000949949026, 0.00020000000949949026, 0.00020000000949949026, 0.00020000000949949026, 0.00020000000949949026, 0.00020000000949949026, 0.00020000000949949026, 0.00020000000949949026, 0.00020000000949949026]}