{"loss": [1.3149040937423706, 1.1276098489761353, 1.0007365942001343, 0.8840432167053223, 0.791205644607544, 0.7428313493728638, 0.6670804023742676, 0.6085904240608215, 0.5930800437927246, 0.5731797218322754, 0.5011827945709229, 0.5108566880226135, 0.44535282254219055, 0.416677325963974, 0.39641323685646057, 0.36682990193367004, 0.3862890601158142, 0.36680692434310913, 0.3046904504299164, 0.32697024941444397], "accuracy": [0.38713157176971436, 0.4935298264026642, 0.5632638335227966, 0.62796550989151, 0.677570104598999, 0.7045291066169739, 0.7368799448013306, 0.7685118913650513, 0.7717469334602356, 0.7836089134216309, 0.8040977716445923, 0.807692289352417, 0.8335729837417603, 0.8472322225570679, 0.8547807335853577, 0.8652048707008362, 0.8583752512931824, 0.8634076118469238, 0.8882099390029907, 0.8799424767494202], "val_loss": [1.142844557762146, 0.985289990901947, 0.9475886821746826, 0.9496377110481262, 0.7388593554496765, 0.6250301599502563, 0.7043542265892029, 0.7003159523010254, 0.8548499941825867, 0.5015638470649719, 0.5629550814628601, 0.5051996111869812, 0.6187551617622375, 0.47984519600868225, 0.5514059662818909, 0.32627004384994507, 0.6711603999137878, 0.3551913797855377, 0.45178571343421936, 0.6183435916900635], "val_accuracy": [0.4401041567325592, 0.5703125, 0.5963541865348816, 0.640625, 0.7369791865348816, 0.7734375, 0.7265625, 0.75, 0.7395833134651184, 0.8177083134651184, 0.8098958134651184, 0.8098958134651184, 0.7786458134651184, 0.8229166865348816, 0.8229166865348816, 0.890625, 0.7682291865348816, 0.8880208134651184, 0.8333333134651184, 0.7682291865348816]}