{"accuracy": [0.5273631811141968, 0.596304178237915, 0.6563610434532166, 0.6972281336784363, 0.7142857313156128, 0.7356076836585999, 0.7555081844329834, 0.7956645488739014, 0.7981520891189575, 0.8173418641090393, 0.8304904103279114, 0.8212509155273438, 0.8425728678703308, 0.8407959938049316, 0.8742004036903381, 0.8606964945793152, 0.8702914118766785, 0.888059675693512, 0.8766880035400391, 0.888059675693512, 0.8855721354484558, 0.8937455415725708, 0.9040511846542358, 0.8980099558830261, 0.933191180229187, 0.9566453695297241, 0.9616204500198364, 0.9623311758041382, 0.9715707302093506, 0.976190447807312], "loss": [2.7348124980926514, 1.7279596328735352, 1.5088279247283936, 1.400881290435791, 1.3028602600097656, 1.2183871269226074, 1.1446174383163452, 1.021317720413208, 0.9888983964920044, 0.9223501682281494, 0.883951723575592, 0.8741664290428162, 0.7988331317901611, 0.799163281917572, 0.7064149975776672, 0.7349438071250916, 0.7155658006668091, 0.6637563705444336, 0.6816630363464355, 0.6253737807273865, 0.6363903880119324, 0.6030058264732361, 0.5546838641166687, 0.605625569820404, 0.49641233682632446, 0.43217775225639343, 0.4035843312740326, 0.3801477253437042, 0.3458450436592102, 0.3182918429374695], "val_accuracy": [0.2064676582813263, 0.19900497794151306, 0.3034825921058655, 0.3333333432674408, 0.4950248897075653, 0.49751242995262146, 0.7835820913314819, 0.7786069512367249, 0.7910447716712952, 0.6666666865348816, 0.8308457732200623, 0.7985074520111084, 0.746268630027771, 0.8905472755432129, 0.6691542267799377, 0.788557231426239, 0.7935323119163513, 0.8457711338996887, 0.888059675693512, 0.6865671873092651, 0.8358209133148193, 0.8034825921058655, 0.8781094551086426, 0.8283582329750061, 0.96517413854599, 0.9577114582061768, 0.9751243591308594, 0.9378109574317932, 0.9800994992256165, 0.9601989984512329], "val_loss": [3.4656240940093994, 6.254438877105713, 3.8693318367004395, 3.955780267715454, 2.263131618499756, 1.5259826183319092, 1.0278764963150024, 1.0319766998291016, 0.9750156402587891, 2.6415140628814697, 0.8448968529701233, 0.8990273475646973, 1.2123053073883057, 0.6358774900436401, 1.2379140853881836, 0.9766042232513428, 1.0352169275283813, 0.8170463442802429, 0.6328986287117004, 1.7043207883834839, 0.9380686283111572, 1.046451210975647, 0.6990213990211487, 0.9522116184234619, 0.41739290952682495, 0.4294397234916687, 0.368817538022995, 0.43985599279403687, 0.32330095767974854, 0.36243966221809387], "learning_rate": [0.0010000000474974513, 0.0010000000474974513, 0.0010000000474974513, 0.0010000000474974513, 0.0010000000474974513, 0.0010000000474974513, 0.0010000000474974513, 0.0010000000474974513, 0.0010000000474974513, 0.0010000000474974513, 0.0010000000474974513, 0.0010000000474974513, 0.0010000000474974513, 0.0010000000474974513, 0.0010000000474974513, 0.0010000000474974513, 0.0010000000474974513, 0.0010000000474974513, 0.0010000000474974513, 0.0010000000474974513, 0.0010000000474974513, 0.0010000000474974513, 0.0010000000474974513, 0.0010000000474974513, 0.00020000000949949026, 0.00020000000949949026, 0.00020000000949949026, 0.00020000000949949026, 0.00020000000949949026, 0.00020000000949949026]}